0-60 (s),1/4 Mile ET (s),Trap Speed (mph),Top Speed (mph),Lateral G @ 120 mph,100-0 Braking (ft),Drive Type Encoded,Weight (lb),60-130 (s),Lap Time (s),Predicted Lap Time (s),Prediction Error,Absolute Error,Car
3.1,9.8,150.0,180.0,,,0.0,1940.0,7.4,83.928,93.47511,9.547112915039065,9.547112915039065,2008 Mazda Furai
8.3,14.9,91.0,118.0,0.77,433.0,0.0,3279.0,19.7,111.595,118.91989,7.324891357421876,7.324891357421876,1970 Chevrolet Nova SS
2.7,10.0,147.0,234.0,2.18,225.0,0.0,2536.0,5.0,87.827,81.82474,-6.002262451171873,6.002262451171873,2010 Pagani Zonda R
3.6,10.3,122.0,127.0,0.83,400.1,0.0,3527.0,12.1,108.517,103.670135,-4.846864501953121,4.846864501953121,1968 Dodge Dart Hemi Super Stock
3.0,,,207.0,,,0.0,2011.0,4.6,78.054,82.73906,4.6850594482421855,4.6850594482421855,2002 Cadillac Northstar LMP-02
2.9,10.1,145.0,234.0,2.11,225.0,0.0,2766.0,5.2,87.075,82.47366,-4.601336669921878,4.601336669921878,2006 Ferrari FXX
8.1,15.5,92.0,163.0,0.94,332.8,0.0,2930.0,26.8,115.307,110.96697,-4.340027648925783,4.340027648925783,1955 Mercedes-Benz 300SL Gullwing W198
3.0,10.5,138.0,194.0,,,0.0,2976.0,6.1,90.564,94.76954,4.205538879394538,4.205538879394538,2009 Gumpert Apollo S
8.0,15.6,94.0,148.0,0.94,322.6,0.0,3376.0,20.2,117.556,113.625755,-3.9302446899414036,3.9302446899414036,1964 Aston Martin DB5
2.7,9.9,149.0,208.0,1.82,211.3,0.0,2756.0,4.8,85.367,82.00821,-3.3587907714843794,3.3587907714843794,2019 Apollo Intensa Emozione
4.5,12.5,116.0,200.0,,,0.0,4134.0,11.8,102.48599999999999,99.346985,-3.13901513671874,3.13901513671874,2005 Aston Martin V12 Vanquish S
8.4,16.2,85.0,139.0,1.01,305.9,0.0,2763.0,30.3,113.505,116.203285,2.698285217285161,2.698285217285161,1992 Nissan 240SX S13
8.5,16.6,85.0,125.0,0.96,308.9,0.0,2330.0,43.6,116.352,118.96965,2.6176502685546836,2.6176502685546836,1972 Datsun 240Z
5.4,13.7,107.0,168.0,0.98,326.4,1.0,3067.0,15.7,106.245,108.65511,2.410113220214839,2.410113220214839,2016 Honda Civic Type R FK2
4.4,12.8,111.0,181.0,,,0.0,3385.0,12.5,98.158,100.45126,2.2932634277343737,2.2932634277343737,2004 Ferrari 360 Spider
3.6,11.7,124.0,206.0,1.07,283.6,0.0,4578.0,8.8,101.412,99.12056,-2.2914403076171936,2.2914403076171936,2016 Dodge Charger Hellcat
5.1,13.4,106.0,178.0,,,0.0,3351.0,15.6,104.45,102.270004,-2.1799957275390653,2.1799957275390653,1996 Chevrolet Corvette C4 Grand Sport Coupe
9.6,16.7,87.0,122.0,0.91,344.2,0.0,2898.0,37.1,119.25800000000001,121.42644,2.1684373779296777,2.1684373779296777,1958 BMW 507
3.9,12.1,121.0,193.0,1.13,,0.0,3420.0,9.9,95.991,98.15883,2.167828735351563,2.167828735351563,2007 Ferrari F430 Spider
2.9,10.7,137.0,170.0,1.34,272.8,0.0,1321.0,6.3,90.907,93.07001,2.1630073242187535,2.1630073242187535,2023 BAC Mono R
3.7,11.9,125.0,202.0,1.32,253.3,0.0,3080.0,9.0,96.523,94.39182,-2.13117718505859,2.13117718505859,1997 Ferrari F50
3.7,12.0,115.0,188.0,1.11,296.5,2.0,4003.0,11.9,98.539,100.52133,1.9823317871093735,1.9823317871093735,2018 Audi RS5 Coupe
,,,,1.52,235.7,0.0,2858.0,6.0,89.225,91.1921,1.9671005249023494,1.9671005249023494,2009 Pagani Zonda Cinque Roadster
5.7,14.2,100.0,153.0,1.01,295.0,0.0,2822.0,20.6,104.399,106.32527,1.9262716064453116,1.9262716064453116,2022 Toyota GR86
4.1,12.4,118.0,172.0,1.24,261.8,0.0,3806.0,10.0,95.634,97.54112,1.9071224365234372,1.9071224365234372,2016 Ford Mustang GT350
3.5,11.3,127.0,202.0,1.16,,2.0,3310.0,8.3,97.524,95.626785,-1.8972147216796884,1.8972147216796884,2009 Lamborghini Gallardo LP560-4
5.7,14.4,97.0,155.0,1.06,287.8,0.0,3248.0,21.9,106.523,108.315025,1.7920253295898476,1.7920253295898476,1999 BMW M3 E36
3.4,11.5,126.0,177.0,1.54,230.6,0.0,3382.0,8.1,90.423,92.13665,1.713650085449217,1.713650085449217,2016 Dodge Viper ACR
4.3,12.6,116.0,188.0,1.1,279.1,0.0,3836.0,11.7,99.48400000000001,101.13819,1.6541912231445224,1.6541912231445224,1997 Ferrari 550 Maranello
3.4,11.6,121.0,195.0,1.21,266.9,2.0,3626.0,9.7,93.99799999999999,95.63998,1.6419765014648533,1.6419765014648533,2014 Audi R8 V10
3.1,10.3,,217.0,,,0.0,2094.0,4.6,77.548,79.173,1.624996520996092,1.624996520996092,2000 Audi R8 LMP900
3.6,11.6,125.0,200.0,1.18,281.4,0.0,3786.0,9.0,95.51599999999999,97.13803,1.6220310058593839,1.6220310058593839,2011 Mercedes-Benz SLS AMG
3.8,12.1,126.0,209.0,1.28,251.9,0.0,2319.0,8.5,92.402,93.951675,1.5496754150390615,1.5496754150390615,1991 Jaguar XJR-15
7.0,15.0,94.0,125.0,0.89,352.1,0.0,3489.0,20.9,115.5,113.95207,-1.5479278564453125,1.5479278564453125,1968 Ford Mustang GT Fastback
5.5,13.8,103.0,152.0,0.93,331.2,0.0,3854.0,19.0,111.481,109.9379,-1.5431032714843695,1.5431032714843695,1973 Pontiac Firebird Trans Am SD-455
5.0,13.7,106.0,169.0,1.16,269.2,1.0,3117.0,15.5,99.638,101.18036,1.5423588867187448,1.5423588867187448,2019 Honda Civic Type R FK8
3.1,11.2,123.0,185.0,1.12,265.4,2.0,3929.0,9.5,94.327,95.85876,1.5317570190429706,1.5317570190429706,2022 BMW M4 Competition G82 xDrive
5.4,13.7,103.0,163.0,1.11,282.7,0.0,3030.0,17.2,104.456,105.983376,1.5273755493164032,1.5273755493164032,1992 Acura NSX NA1
6.6,14.5,99.0,153.0,0.96,,0.0,3150.0,19.8,107.969,109.480644,1.5116442260742247,1.5116442260742247,1973 De Tomaso Pantera L
3.4,11.1,132.0,209.0,1.3,252.5,0.0,3186.0,7.4,91.412,92.921524,1.5095240478515564,1.5095240478515564,2011 Porsche 911 GT2 RS 997.2
2.8,10.7,136.0,204.0,1.28,251.0,0.0,3101.0,6.9,91.094,92.60078,1.5067766723632872,1.5067766723632872,2019 McLaren 600LT
6.2,13.9,103.0,143.0,0.93,327.3,0.0,3889.0,19.0,109.458,110.96345,1.5054475708007828,1.5054475708007828,1970 Buick Skylark GSX Stage 1
3.7,11.6,129.0,184.0,1.13,,0.0,2900.0,7.9,98.406,96.91733,-1.488672119140631,1.488672119140631,2014 Toyota FT-1 Concept
4.2,12.4,118.0,197.0,1.01,285.0,0.0,4005.0,10.3,99.926,101.41419,1.4881921997070293,1.4881921997070293,2012 Jaguar XKR-S Coupe
3.6,11.7,127.0,206.0,1.21,260.4,0.0,3429.0,7.0,96.963,95.52618,-1.436823547363275,1.436823547363275,2005 Ford GT
4.5,13.1,111.0,186.0,0.97,317.9,0.0,4260.0,13.3,103.82300000000001,105.25506,1.4320582885742112,1.4320582885742112,2013 Maserati GranTurismo Sport
7.1,15.1,95.0,155.0,1.12,277.9,0.0,2954.0,21.2,108.205,106.78071,-1.424291687011717,1.424291687011717,1990 Mercedes-Benz 190E 2.5-16 Evo II
2.3,9.8,139.0,211.0,1.08,239.2,0.0,4279.0,6.9,99.025,97.607796,-1.4172042846679744,1.4172042846679744,2018 Dodge Demon
3.8,12.2,116.0,173.0,1.1,255.0,0.0,2593.0,12.0,99.99000000000001,98.609314,-1.380686035156259,1.380686035156259,2013 Lotus Exige S S3
3.1,11.0,127.0,192.0,1.58,237.5,0.0,3228.0,8.6,89.919,91.26978,1.3507830200195343,1.3507830200195343,2024 Porsche 911 GT3 RS 992
3.5,11.6,127.0,204.0,1.14,238.2,0.0,3455.0,8.3,97.922,96.572525,-1.3494749755859345,1.3494749755859345,2008 Dodge Viper SRT-10
4.0,12.1,115.0,189.0,1.09,278.1,0.0,3762.0,12.2,102.619,101.31613,-1.3028684082031248,1.3028684082031248,2016 Cadillac ATS-V Coupe
2.4,9.6,141.0,180.0,,,0.0,1756.0,7.0,92.687,93.978424,1.2914240722656274,1.2914240722656274,2021 Radical SR10
3.3,11.0,132.0,187.0,,,0.0,3336.0,7.4,96.681,95.39702,-1.2839815673828099,1.2839815673828099,2008 Saleen S5S Raptor
2.1,10.6,137.0,219.0,1.32,,2.0,3470.0,6.4,93.733,92.45003,-1.2829725341796916,1.2829725341796916,2020 Nissan Vision GT
3.1,11.1,131.0,203.0,1.23,,0.0,3755.0,7.3,96.387,95.10834,-1.2786625976562505,1.2786625976562505,2022 Maserati MC20
3.6,10.8,160.0,231.0,2.14,190.0,0.0,2170.0,5.1,78.797,80.06992,1.2729234008789092,1.2729234008789092,1998 Toyota GT-One
6.4,14.3,99.0,127.0,0.92,327.3,0.0,3792.0,17.5,109.57300000000001,110.840675,1.2676753540038987,1.2676753540038987,1969 Dodge Charger R/T 440
6.0,14.5,97.0,163.0,1.06,287.5,0.0,3296.0,18.2,105.572,106.807846,1.2358460693359348,1.2358460693359348,1980 BMW M1
3.0,10.8,134.0,206.0,1.39,245.2,0.0,3199.0,7.2,90.145,91.378136,1.2331356811523477,1.2331356811523477,2015 Ferrari 458 Speciale
,,,213.0,1.32,261.9,0.0,3648.0,5.9,91.218,92.446594,1.2285942382812465,1.2285942382812465,2023 Ferrari 296 GTB
2.2,9.8,150.0,219.0,1.55,,2.0,3031.0,4.8,84.969,86.19213,1.2231310424804747,1.2231310424804747,2014 Aston Martin DP-100 Vision GT
6.0,14.5,98.0,153.0,,,1.0,3510.0,23.6,111.344,110.12798,-1.2160169067382753,1.2160169067382753,2009 Mitsubishi Eclipse GT
3.0,11.0,134.0,235.0,1.34,252.5,0.0,3724.0,6.7,92.851,91.641945,-1.2090551147460928,1.2090551147460928,2017 Ferrari F12 TDF
3.9,12.1,120.0,193.0,1.16,261.2,0.0,3862.0,10.4,99.32300000000001,98.121895,-1.2011051635742263,1.2011051635742263,2017 Alfa Romeo Giulia Quadrifoglio
2.9,10.7,129.0,206.0,1.21,262.6,2.0,3684.0,8.2,92.971,94.16745,1.1964499511718714,1.1964499511718714,2017 Audi R8 V10 Plus
3.3,11.1,129.0,214.0,1.19,275.0,2.0,4233.0,8.4,97.025,95.83648,-1.188520812988287,1.188520812988287,2018 Ferrari GTC4Lusso V12
4.6,13.0,109.0,164.0,1.05,343.0,0.0,3971.0,14.3,104.116,105.301735,1.1857349243164066,1.1857349243164066,2014 Chevrolet SS
2.7,10.7,134.0,218.0,1.32,262.8,2.0,4011.0,7.1,91.575,92.760124,1.185124206542966,1.185124206542966,2017 Lamborghini Aventador SV Roadster
2.7,10.1,141.0,253.0,1.3,247.4,2.0,4387.0,5.9,89.364,90.51701,1.1530135498046832,1.1530135498046832,2011 Bugatti Veyron Grand Sport
3.6,11.8,124.0,204.0,1.25,258.6,0.0,3583.0,9.2,94.98400000000001,96.13067,1.1466686401367099,1.1466686401367099,2012 Lexus LFA
8.0,16.0,86.0,137.0,1.04,295.3,0.0,2800.0,27.4,107.428,108.54036,1.1123594970703152,1.1123594970703152,"1997 Nissan 240SX Silvia S14 ""Kouki"""
4.9,12.3,117.0,180.0,1.21,275.0,0.0,3856.0,11.3,97.782,98.8902,1.1081977539062535,1.1081977539062535,2015 Chevrolet Camaro Z/28
3.6,11.6,126.0,208.0,1.14,,0.0,3860.0,8.7,98.50999999999999,97.43363,-1.0763681030273347,1.0763681030273347,2005 Mercedes-Benz SLR McLaren
,,,180.0,1.31,248.4,0.0,2685.0,8.8,94.945,93.87314,-1.0718615722656182,1.0718615722656182,2024 Saleen S1
5.3,13.8,104.0,170.0,0.98,330.6,0.0,4001.0,17.8,110.47999999999999,109.41091,-1.069088439941396,1.069088439941396,1978 Aston Martin V8 Vantage
3.3,10.4,144.0,234.0,1.47,255.0,0.0,3153.0,5.7,91.191,90.13916,-1.0518398437500025,1.0518398437500025,2014 Pagani Huayra
5.8,13.5,105.0,120.0,1.05,,0.0,3870.0,18.3,112.59899999999999,111.55354,-1.045456909179677,1.045456909179677,1970 Ford Mustang Boss 429
2.9,10.9,132.0,202.0,1.4,245.0,0.0,3345.0,7.3,90.57900000000001,91.61493,1.0359291992187423,1.0359291992187423,2022 Lamborghini Huracan STO
4.2,12.2,117.0,185.0,1.37,255.0,0.0,3050.0,11.4,96.779,95.74697,-1.0320288696289026,1.0320288696289026,2016 Porsche Cayman GT4 981
5.1,13.4,103.0,144.0,1.17,264.6,2.0,2751.0,15.3,96.674,97.7038,1.0297963867187434,1.0297963867187434,1986 Ford RS200
2.9,,,205.0,1.81,218.9,0.0,2976.0,5.3,86.612,85.58622,-1.0257802124023385,1.0257802124023385,2016 Aston Martin Vulcan
4.1,12.4,118.0,196.0,1.11,275.8,0.0,3908.0,10.7,100.53399999999999,99.51094,-1.0230594482421793,1.0230594482421793,2008 BMW M6 E63 Coupe
3.6,11.1,131.0,208.0,1.31,240.6,0.0,3232.0,7.5,91.274,92.28707,1.0130712280273428,1.0130712280273428,2005 Porsche Carrera GT
5.4,14.0,98.0,158.0,1.06,320.6,0.0,3067.0,19.9,107.017,108.0255,1.0084974365234416,1.0084974365234416,2009 Pontiac Solstice GXP Coupe
3.1,11.0,132.0,211.0,1.07,265.0,0.0,3895.0,7.1,95.386,96.38581,0.9998108520507856,0.9998108520507856,2014 Ferrari F12 Berlinetta
1.9,8.6,168.0,263.0,1.31,253.4,2.0,,3.3,84.439,85.43378,0.994776855468757,0.994776855468757,2022 Pininfarina Battista
4.3,12.6,117.0,195.0,1.09,273.9,0.0,4110.0,11.7,101.543,100.551315,-0.9916846923828189,0.9916846923828189,2008 BMW M5 E60
7.0,15.2,93.0,150.0,1.04,293.8,0.0,3341.0,23.7,107.306,108.29457,0.9885709228515651,0.9885709228515651,1990 Nissan 300ZX Z32 Coupe
,,,,1.0,298.6,1.0,2541.0,29.7,112.241,111.25264,-0.9883602294921872,0.9883602294921872,2000 Toyota Celica GT-S
4.7,13.1,105.0,165.0,1.14,270.6,2.0,3417.0,17.3,99.86500000000001,100.84858,0.9835794067382722,0.9835794067382722,1999 Nissan Skyline GT-R R34
3.7,11.7,125.0,202.0,1.28,261.1,0.0,2976.0,8.6,96.993,96.013504,-0.9794959716796825,0.9794959716796825,2007 Ascari KZ1
2.9,10.4,142.0,211.0,1.66,222.7,0.0,3219.0,6.0,85.326,86.30172,0.9757196655273503,0.9757196655273503,2010 Ferrari 599XX
7.1,15.3,91.0,158.0,0.97,,0.0,3350.0,21.0,111.96600000000001,110.99454,-0.9714626464843832,0.9714626464843832,1985 Ferrari 308 GTB QV
2.7,10.4,133.0,205.0,1.34,257.9,2.0,3460.0,7.4,90.346,91.315346,0.9693457641601526,0.9693457641601526,2018 Lamborghini Huracan Performante
4.2,12.5,117.0,190.0,1.17,269.2,0.0,3737.0,11.1,100.34899999999999,99.3823,-0.9666986694335833,0.9666986694335833,2010 Aston Martin DBS
2.8,,,,1.27,245.0,0.0,3329.0,5.5,89.51,90.4594,0.9493963623046824,0.9493963623046824,2015 W Motors Lykan HyperSport
2.8,10.8,126.0,207.0,1.19,265.2,2.0,3551.0,8.9,95.89,94.950775,-0.9392248535156256,0.9392248535156256,2014 Porsche 911 Turbo S 991
3.8,12.1,118.0,185.0,1.19,280.4,0.0,2867.0,10.4,97.14,98.06552,0.9255212402343744,0.9255212402343744,1996 Porsche 911 GT2 993
3.8,12.1,116.0,164.0,1.16,272.0,0.0,3345.0,10.9,100.011,99.08771,-0.9232924804687457,0.9232924804687457,2021 Toyota Supra 3.0 A90
3.4,11.2,132.0,204.0,1.19,266.3,0.0,3643.0,7.8,95.86699999999999,94.94833,-0.9186662597656152,0.9186662597656152,2021 Ferrari Roma
4.5,12.2,116.0,188.0,1.13,,0.0,3439.0,11.4,100.098,99.18328,-0.9147190551757802,0.9147190551757802,2010 Spyker C8 Aileron
3.4,11.3,130.0,208.0,1.15,265.0,0.0,3850.0,7.8,94.785,95.69597,0.9109686279296909,0.9109686279296909,2011 Ferrari 599 GTO
3.1,10.2,146.0,236.0,1.22,,0.0,3086.0,5.7,91.444,92.34394,0.8999407348632786,0.8999407348632786,2012 RUF CTR3 ClubSport
5.2,13.7,103.0,168.0,1.07,289.7,0.0,3352.0,17.5,105.707,104.81975,-0.8872520751953061,0.8872520751953061,2007 Nissan 350Z Nismo
4.9,13.7,106.0,146.0,0.93,311.1,0.0,3384.0,13.7,108.25200000000001,107.37239,-0.879609252929697,0.879609252929697,1967 Chevrolet Corvette C2 Stingray 427 Coupe
4.4,12.8,113.0,182.0,1.03,361.3,0.0,4439.0,12.4,105.979,105.099915,-0.8790854492187492,0.8790854492187492,2023 Chrysler 300C
5.8,14.3,98.0,122.0,0.96,311.7,0.0,3512.0,19.2,113.441,112.56699,-0.8740062866210963,0.8740062866210963,1971 Chevrolet Corvette C3 Coupe
3.3,10.6,140.0,248.0,1.31,251.0,0.0,3016.0,6.2,90.236,91.10678,0.8707810058593708,0.8707810058593708,2005 Saleen S7 Twin Turbo
4.1,12.5,113.0,190.0,1.22,281.4,0.0,2515.0,11.5,99.226,98.365685,-0.8603154907226553,0.8603154907226553,1965 Shelby Daytona Coupe
3.0,10.3,143.0,229.0,1.34,242.4,0.0,2379.0,5.8,90.39099999999999,89.545395,-0.8456051025390536,0.8456051025390536,1993 Jaguar XJ220S TWR
5.8,13.3,110.0,175.0,1.15,289.6,0.0,2336.0,13.4,101.837,102.67647,0.8394678955078092,0.8394678955078092,1962 Ferrari 250 GTO Series I
4.1,12.3,118.0,190.0,1.22,285.0,0.0,3704.0,9.8,99.793,98.95377,-0.8392265014648501,0.8392265014648501,2012 Aston Martin V12 Zagato
3.0,9.7,,273.0,,,0.0,2919.0,4.2,92.584,91.74707,-0.8369296875000032,0.8369296875000032,2009 SSC Ultimate Aero TT
5.3,13.5,104.0,145.0,1.03,293.3,0.0,3545.0,21.4,107.811,108.64537,0.8343704833984305,0.8343704833984305,1987 Buick Regal GNX
3.4,11.6,126.0,222.0,1.21,252.7,2.0,4067.0,8.6,95.944,95.11686,-0.8271405639648464,0.8271405639648464,2008 Lamborghini Reventon
2.7,9.9,161.0,278.0,1.33,245.0,0.0,2743.0,4.0,89.98400000000001,89.17002,-0.8139789428711026,0.8139789428711026,2014 Hennessey Venom GT
3.6,11.6,124.0,199.0,,,0.0,3150.0,9.2,96.81700000000001,97.62484,0.8078397827148365,0.8078397827148365,2007 Chevrolet Corvette C6 Z06
3.0,10.1,153.0,235.0,1.24,219.8,0.0,3944.0,5.1,89.672,88.87147,-0.8005324096679658,0.8005324096679658,2016 Zenvo ST1
5.2,13.3,106.0,180.0,1.13,275.0,0.0,3766.0,14.8,103.544,102.75804,-0.7859586181640594,0.7859586181640594,1988 Ferrari Testarossa
7.4,15.6,90.0,149.0,,,1.0,3273.0,29.5,115.61099999999999,114.83279,-0.7782134399413962,0.7782134399413962,2003 Mitsubishi Eclipse GTS
2.9,9.9,148.0,177.0,1.49,248.1,0.0,1433.0,5.3,90.17699999999999,89.40329,-0.7737102050781175,0.7737102050781175,2010 Ariel Atom 500 V8
5.1,13.3,101.0,157.0,1.1,276.7,2.0,3273.0,16.7,101.392,102.14645,0.7544462280273478,0.7544462280273478,1989 Nissan Skyline GT-R R32
3.2,10.2,142.0,228.0,2.24,220.0,0.0,2633.0,5.6,85.14099999999999,84.40271,-0.7382900390624911,0.7382900390624911,2007 Koenigsegg CCGT
6.3,14.4,98.0,152.0,1.01,288.9,2.0,3183.0,21.1,109.547,108.80902,-0.737979003906247,0.737979003906247,1994 Toyota Celica GT-Four ST205
2.9,10.5,139.0,248.0,,,0.0,3150.0,4.4,83.995,84.72959,0.7345913696289017,0.7345913696289017,2004 Chrysler ME Four-Twelve
3.0,10.5,138.0,211.0,1.29,249.0,0.0,3851.0,6.4,92.307,91.573616,-0.7333839721679709,0.7333839721679709,2018 Ferrari 812 Superfast
7.6,15.9,89.0,155.0,0.96,,0.0,3316.0,28.5,113.344,114.07564,0.7316378173828184,0.7316378173828184,1980 Maserati Merak SS
4.4,12.8,111.0,180.0,1.1,305.0,0.0,3494.0,13.3,103.327,102.597595,-0.7294047851562482,0.7294047851562482,2002 BMW Z8
3.4,11.2,132.0,207.0,1.26,253.8,0.0,4169.0,7.2,94.868,94.13884,-0.7291602783203075,0.7291602783203075,2020 Ford Mustang Shelby GT500
3.4,11.4,127.0,174.0,1.68,204.4,0.0,2688.0,7.6,85.461,86.1867,0.7256989135742202,0.7256989135742202,2023 KTM GT-XR
8.6,16.6,86.0,137.0,0.93,322.9,0.0,2560.0,27.0,119.037,118.32177,-0.7152302856445374,0.7152302856445374,1967 Toyota 2000GT
2.5,9.5,160.0,220.0,1.94,209.4,0.0,3097.0,4.3,79.907,80.60712,0.7001166992187535,0.7001166992187535,2018 Ferrari FXX K Evo
3.5,11.5,131.0,211.0,1.21,265.8,0.0,4186.0,7.4,94.517,95.215096,0.6980955200195353,0.6980955200195353,2019 Aston Martin DBS Superleggera
4.3,12.4,119.0,166.0,1.02,306.9,0.0,2660.0,10.6,103.119,102.437874,-0.6811261596679685,0.6811261596679685,1965 Shelby Cobra 427 S/C MKIII
4.4,12.8,113.0,190.0,1.12,278.4,0.0,4042.0,12.1,102.087,101.407104,-0.6798955078125033,0.6798955078125033,2015 Lexus RC F
5.5,14.0,102.0,166.0,1.11,271.2,1.0,3084.0,18.6,103.582,104.25608,0.6740806274414126,0.6740806274414126,2019 Hyundai Veloster N
6.2,14.7,91.0,142.0,1.0,304.5,0.0,2844.0,23.6,109.938,110.60966,0.6716572875976539,0.6716572875976539,1991 Toyota MR2 Turbo MKII
3.0,10.7,136.0,204.0,1.42,242.7,0.0,3619.0,6.4,89.88,90.54524,0.665242309570317,0.665242309570317,2021 Mercedes-Benz AMG GT Black Series
4.9,13.6,106.0,176.0,1.15,282.6,0.0,3416.0,15.8,102.638,101.9824,-0.655601013183599,0.655601013183599,2016 Nissan 370Z Nismo
4.5,13.3,103.0,165.0,1.11,279.2,2.0,3465.0,15.9,102.789,102.135895,-0.6531052246093765,0.6531052246093765,2017 Ford Focus RS MK III
3.4,11.6,128.0,206.0,,,0.0,3460.0,8.0,95.125,95.777145,0.6521453857421875,0.6521453857421875,2010 Devon GTX
4.9,12.8,117.0,190.0,1.11,275.6,0.0,2862.0,10.8,100.52600000000001,99.87665,-0.6493520507812605,0.6493520507812605,1985 Ferrari 288 GTO
4.0,12.2,115.0,175.0,1.09,293.8,0.0,3569.0,12.4,100.116,100.75877,0.6427738037109378,0.6427738037109378,2019 BMW M2 F87 Competition
5.1,13.8,105.0,177.0,1.06,287.3,0.0,3467.0,16.9,104.946,104.31037,-0.6356286010742167,0.6356286010742167,1994 Toyota Supra Twin Turbo A80
2.9,10.0,157.0,273.0,1.24,229.8,0.0,3164.0,4.4,86.077,86.7096,0.6326023559570331,0.6326023559570331,2014 Koenigsegg Agera R
6.0,13.9,107.0,178.0,1.0,324.6,0.0,2862.0,15.6,107.87299999999999,108.5015,0.6285029907226658,0.6285029907226658,1969 Lamborghini Miura P400S
10.6,17.4,78.0,118.0,0.91,352.2,0.0,2178.0,,124.523,123.89993,-0.6230671386718711,0.6230671386718711,1969 Opel GT
4.2,12.5,115.0,194.0,,,2.0,3560.0,10.4,96.357,96.97801,0.6210120849609382,0.6210120849609382,2004 Lamborghini Gallardo
3.8,11.0,130.0,200.0,1.44,244.9,0.0,1934.0,7.8,91.523,90.90999,-0.6130115966796836,0.6130115966796836,1967 Ferrari 330 P4 Coupe
3.5,11.3,127.0,208.0,0.96,275.0,2.0,4290.0,8.7,97.71600000000001,98.325096,0.6090961303710856,0.6090961303710856,2012 Ferrari FF
3.3,11.3,128.0,209.0,1.19,261.7,0.0,3668.0,8.3,96.602,96.00272,-0.5992763061523476,0.5992763061523476,2019 Ferrari Portofino
3.4,11.6,125.0,208.0,1.09,,2.0,4100.0,8.4,95.884,96.4804,0.5964000854492184,0.5964000854492184,2007 Lamborghini Murcielago LP640 Roadster
3.4,10.5,160.0,224.0,1.94,,0.0,1810.0,4.3,78.08,78.67603,0.596033020019533,0.596033020019533,1970 Chaparral 2J
3.3,10.3,145.0,218.0,1.31,249.3,0.0,3282.0,5.6,90.727,90.13471,-0.5922877807617226,0.5922877807617226,2020 McLaren Sabre
6.5,14.9,94.0,158.0,1.07,286.8,0.0,2811.0,26.2,108.185,108.77548,0.5904821777343727,0.5904821777343727,2020 Subaru BRZ tS
2.9,11.0,127.0,172.0,1.12,272.7,2.0,5152.0,9.2,95.98400000000001,96.56527,0.5812694702148349,0.5812694702148349,2022 Audi RS E-Tron GT
3.2,11.2,128.0,209.0,1.26,255.4,2.0,3894.0,8.2,94.003,93.42184,-0.5811631469726564,0.5811631469726564,2010 Lamborghini Murcielago LP670-4 SV
6.0,14.4,101.0,139.0,0.78,439.5,0.0,3137.0,17.2,112.267,112.84741,0.5804121093750041,0.5804121093750041,1962 Chevrolet Corvette C1
3.9,12.1,121.0,195.0,1.12,274.8,0.0,4288.0,10.4,99.50800000000001,98.942314,-0.565685852050791,0.565685852050791,2013 BMW M5 F10
3.5,10.6,143.0,228.0,1.63,240.1,0.0,2393.0,6.4,88.175,88.73994,0.5649368286132841,0.5649368286132841,2023 Gordon Murray T.50
5.9,14.4,101.0,179.0,1.06,289.5,0.0,4355.0,18.0,106.63300000000001,107.196655,0.5636552734374902,0.5636552734374902,1994 BMW 850csi E31
6.8,14.9,94.0,137.0,0.93,330.9,0.0,3549.0,19.3,110.419,110.978676,0.5596758422851593,0.5596758422851593,1970 Dodge Challenger R/T 383
6.9,15.1,92.0,149.0,1.03,297.5,0.0,3491.0,25.8,111.634,111.08485,-0.5491535034179691,0.5491535034179691,1989 Pontiac Firebird Trans Am GTA
2.4,9.7,147.0,240.0,1.31,257.7,2.0,3991.0,5.3,90.51599999999999,89.96754,-0.5484630737304599,0.5484630737304599,2021 Ferrari SF90
4.5,12.8,114.0,187.0,1.06,325.0,0.0,3896.0,7.2,103.53999999999999,102.992714,-0.5472860717773358,0.5472860717773358,2007 Ford Mustang Shelby GT500
2.7,10.0,147.0,219.0,1.4,239.4,0.0,3108.0,5.0,88.386,87.84549,-0.5405104980468707,0.5405104980468707,2021 McLaren 765LT
4.1,12.4,115.0,176.0,1.17,273.1,0.0,3119.0,11.4,99.313,98.7734,-0.5396006469726586,0.5396006469726586,2003 Chevrolet Corvette C5 Z06
2.2,9.8,145.0,251.0,1.44,238.0,2.0,3633.0,5.6,87.724,88.260185,0.536185241699215,0.536185241699215,2015 Porsche 918 Spyder
2.8,9.7,149.0,216.0,1.5,219.2,0.0,1988.0,4.8,87.806,87.273926,-0.5320742187499974,0.5320742187499974,1970 Porsche 917
4.1,12.3,119.0,190.0,1.14,265.0,0.0,3752.0,10.6,98.493,99.024216,0.5312156982421925,0.5312156982421925,2023 BMW M2 G87
2.8,10.3,138.0,213.0,1.37,244.4,0.0,3391.0,6.8,89.947,90.477234,0.5302338867187473,0.5302338867187473,2018 Porsche 911 GT2 RS 991
3.5,11.1,136.0,221.0,1.19,265.0,0.0,3594.0,6.3,94.436,93.9076,-0.5283995971679758,0.5283995971679758,2012 Aston Martin One-77
2.8,10.5,136.0,210.0,1.47,247.9,2.0,3823.0,7.1,90.388,90.91535,0.527351867675776,0.527351867675776,2014 Lamborghini Veneno Roadster
2.9,9.9,151.0,247.0,1.49,240.7,0.0,3171.0,4.6,88.119,87.59418,-0.5248227539062498,0.5248227539062498,2016 Spania GTA Spano
3.5,11.5,124.0,179.0,1.25,253.8,0.0,3842.0,8.3,95.902,95.378426,-0.5235744018554698,0.5235744018554698,2019 Chevrolet Camaro ZL1 1LE
5.3,13.8,104.0,166.0,,,0.0,3780.0,16.7,105.316,104.796135,-0.5198650512695338,0.5198650512695338,2004 Pontiac GTO
5.0,13.4,103.0,157.0,1.09,272.6,2.0,3530.0,18.2,103.187,102.67345,-0.5135533447265601,0.5135533447265601,1995 Nissan Skyline GT-R R33
5.9,14.2,100.0,167.0,1.05,290.5,0.0,3443.0,19.5,106.686,107.17808,0.4920776977538992,0.4920776977538992,2004 Infiniti G35 Coupe
3.9,12.0,125.0,212.0,1.23,249.8,0.0,3333.0,8.9,94.851,95.34098,0.48998052978515716,0.48998052978515716,1993 Jaguar XJ220
3.0,10.8,134.0,215.0,1.35,258.4,0.0,3659.0,6.6,92.056,91.56836,-0.4876406249999974,0.4876406249999974,2019 Chevrolet Corvette C7 ZR1
3.7,11.8,125.0,201.0,1.12,275.0,0.0,4222.0,9.5,98.501,98.98842,0.4874185791015577,0.4874185791015577,2017 Aston Martin DB11 V12
3.5,11.3,129.0,205.0,1.39,250.5,0.0,3384.0,7.8,92.72,92.23676,-0.4832369995117176,0.4832369995117176,2005 Maserati MC12
4.3,12.7,110.0,179.0,1.22,261.6,0.0,3279.0,12.3,100.114,99.63384,-0.48015753173828557,0.48015753173828557,2023 Lotus Emira V6
3.9,12.1,119.0,183.0,1.13,268.1,0.0,3645.0,11.1,98.475,98.952545,0.4775451660156307,0.4775451660156307,2016 BMW M4 F82 Competition
3.1,11.2,124.0,192.0,1.2,262.7,2.0,3867.0,8.8,95.384,94.90671,-0.47729223632812534,0.47729223632812534,2017 Acura NSX
3.5,11.5,122.0,204.0,0.96,308.7,2.0,4511.0,10.7,100.40899999999999,100.87863,0.4696315917968832,0.4696315917968832,2014 Mercedes-Benz E63 AMG S W212
2.9,9.8,157.0,234.0,1.75,211.4,0.0,2061.0,4.3,80.40299999999999,80.87168,0.46868121337891466,0.46868121337891466,1996 Ferrari F50 GT
3.6,11.9,118.0,199.0,1.17,272.7,2.0,3500.0,11.2,96.625,97.09348,0.46848297119140625,0.46848297119140625,1987 Porsche 959
2.9,11.0,125.0,200.0,1.17,260.2,2.0,3916.0,9.6,95.67099999999999,96.13202,0.46101904296875773,0.46101904296875773,2017 Nissan GTR R35
6.3,14.4,97.0,128.0,0.94,315.1,0.0,3356.0,17.9,111.801,111.34067,-0.46033227539062693,0.46033227539062693,1971 AMC Javelin AMX
2.7,10.0,147.0,234.0,1.53,234.2,0.0,3287.0,5.0,86.444,86.902756,0.4587557373046849,0.4587557373046849,2014 McLaren P1
3.6,11.7,124.0,201.0,1.09,282.6,0.0,4129.0,8.7,99.50800000000001,99.05197,-0.4560285644531348,0.4560285644531348,2016 Cadillac CTS-V
3.5,11.5,128.0,216.0,,,0.0,3439.0,7.6,96.16499999999999,95.711426,-0.45357421874999204,0.45357421874999204,2009 Mercedes-Benz SLR McLaren Stirling Moss
2.9,10.7,132.0,208.0,1.26,261.2,0.0,3412.0,6.9,92.673,93.125275,0.4522746582031232,0.4522746582031232,2016 Ferrari 488 GTB
2.8,10.4,141.0,213.0,1.41,237.3,0.0,3308.0,6.1,90.494,90.045456,-0.4485440673828123,0.4485440673828123,2019 Ferrari 488 Pista
3.2,11.3,127.0,221.0,1.17,264.7,2.0,3823.0,9.3,97.14099999999999,96.69251,-0.4484874877929599,0.4484874877929599,1995 Bugatti EB110 SS
3.8,11.9,117.0,193.0,1.14,295.0,0.0,3931.0,11.1,100.352,100.79845,0.44644665527343363,0.44644665527343363,2010 Ferrari California
5.5,13.9,103.0,162.0,1.11,271.7,1.0,3128.0,17.4,104.87100000000001,104.43,-0.4409996948242281,0.4409996948242281,2018 Renault Megane R.S. 300 Trophy
3.8,12.1,120.0,193.0,1.13,272.1,0.0,4063.0,10.9,99.907,99.4687,-0.4383034057617152,0.4383034057617152,2017 Mercedes-Benz C63 AMG S Coupe W205
3.3,11.3,128.0,208.0,,,0.0,3893.0,8.3,95.981,96.41757,0.43657202148438046,0.43657202148438046,2007 Ferrari 599 GTB
6.7,15.0,93.0,121.0,0.94,327.9,0.0,3544.0,21.4,110.803,111.23513,0.4321303100585965,0.4321303100585965,1970 Mercury Cougar Eliminator
3.2,11.3,124.0,180.0,1.38,245.0,0.0,2161.0,9.0,90.356,90.78486,0.4288587036132867,0.4288587036132867,2017 Lotus 3-Eleven
3.6,11.3,139.0,229.0,2.12,187.3,0.0,2071.0,4.9,78.782,78.354805,-0.4271950073242152,0.4271950073242152,1999 Ferrari 333 SP
3.4,11.4,127.0,198.0,1.3,257.9,0.0,3095.0,8.9,94.075,93.65188,-0.4231216430664091,0.4231216430664091,2008 Ferrari 430 Scuderia
3.1,11.1,128.0,194.0,1.4,245.8,0.0,3274.0,8.7,91.628,92.04861,0.42060687255859364,0.42060687255859364,2019 Porsche 911 GT3 RS 991.2
3.3,11.2,126.0,190.0,1.35,247.1,0.0,3558.0,7.4,92.929,92.51247,-0.41653356933593955,0.41653356933593955,2016 Chevrolet Corvette C7 Z06
4.8,13.3,106.0,175.0,1.1,304.5,0.0,3461.0,15.8,103.137,103.549194,0.41219433593749955,0.41219433593749955,2005 BMW M3 E46 ZCP
2.8,10.4,134.0,217.0,1.35,256.5,2.0,3938.0,6.9,90.633,91.0404,0.4073976440429732,0.4073976440429732,2017 Lamborghini Centenario
5.3,14.0,98.0,142.0,,,0.0,3071.0,20.0,107.304,106.897575,-0.4064246215820333,0.4064246215820333,2007 Saturn Sky Red Line
6.0,14.6,94.0,137.0,1.08,292.4,0.0,2324.0,33.1,107.777,108.180984,0.4039844970703115,0.4039844970703115,2016 Mazda MX-5 Miata ND
2.9,10.9,133.0,204.0,1.18,264.2,0.0,3410.0,7.4,93.939,94.340675,0.4016753540039133,0.4016753540039133,2020 McLaren GT
2.7,10.6,135.0,239.0,1.3,243.9,2.0,4171.0,6.4,90.971,90.570244,-0.4007561645507849,0.4007561645507849,2021 Lamborghini Sian
4.0,12.3,117.0,191.0,1.07,305.0,0.0,4249.0,10.8,101.90100000000001,101.502304,-0.39869592285157296,0.39869592285157296,2011 Cadillac CTS-V Coupe
3.4,11.5,128.0,206.0,1.25,255.2,0.0,3355.0,7.8,94.399,94.00377,-0.3952310791015634,0.3952310791015634,2015 Dodge Viper SRT
2.5,10.4,131.0,163.0,1.14,265.2,2.0,5129.0,7.7,93.85300000000001,94.24477,0.39176623535155386,0.39176623535155386,2020 Porsche Taycan Turbo S
4.6,12.7,114.0,185.0,1.15,277.0,0.0,3285.0,12.2,99.852,99.4626,-0.38939929199219137,0.38939929199219137,1987 Lamborghini Countach LP5000 QV
3.7,11.6,125.0,209.0,1.12,268.3,0.0,4143.0,8.3,98.19200000000001,97.80596,-0.3860383911132885,0.3860383911132885,2022 Cadillac CT5-V Blackwing
1.9,8.5,170.0,258.0,1.26,249.7,2.0,5071.0,3.5,89.18299999999999,88.79698,-0.3860181884765552,0.3860181884765552,2023 Rimac Nevera
4.3,12.9,107.0,160.0,1.16,270.1,0.0,2437.0,17.0,102.60300000000001,102.22015,-0.38284619140625864,0.38284619140625864,2015 Alfa Romeo 4C
2.4,9.4,154.0,277.0,1.32,248.9,2.0,4586.0,4.5,88.31700000000001,87.942245,-0.3747545166015698,0.3747545166015698,2018 Bugatti Chiron
8.3,16.0,86.0,126.0,0.76,446.6,0.0,3489.0,46.2,123.056,122.683334,-0.3726656494140599,0.3726656494140599,1987 Chevrolet Monte Carlo SS
3.8,12.0,122.0,205.0,1.15,273.3,0.0,3678.0,9.0,97.34,97.71087,0.37086883544921534,0.37086883544921534,2015 Aston Martin V12 Vantage S
2.9,11.0,126.0,203.0,1.13,263.0,2.0,4246.0,8.9,95.924,95.57029,-0.35371038818360034,0.35371038818360034,2019 BMW M5 F90 Competition
5.8,13.8,104.0,163.0,1.1,272.7,1.0,3255.0,18.1,104.762,105.11482,0.35282238769531205,0.35282238769531205,2009 Ford Focus RS MK II
6.7,15.2,94.0,145.0,0.92,362.3,1.0,2778.0,,115.263,114.914,-0.34899853515625523,0.34899853515625523,2002 Acura RSX Type S
2.8,10.2,145.0,216.0,1.36,245.7,0.0,3161.0,5.5,88.962,89.30936,0.3473566894531217,0.3473566894531217,2018 McLaren 720S
4.8,13.3,108.0,182.0,1.04,285.8,0.0,3995.0,15.1,104.012,104.352875,0.34087475585937455,0.34087475585937455,2003 BMW M5 E39
7.9,15.5,90.0,118.0,0.82,381.4,0.0,3492.0,21.0,111.455,111.79439,0.3393878173828142,0.3393878173828142,1969 Chevrolet Camaro SS
2.8,9.7,152.0,254.0,2.32,191.0,0.0,2160.0,4.4,77.056,77.38676,0.33075689697265886,0.33075689697265886,1989 Mercedes-Benz Sauber C9
7.2,15.5,94.0,144.0,0.96,324.2,0.0,2815.0,23.2,111.979,111.652664,-0.3263358154296867,0.3263358154296867,1958 Ferrari 250 GT LWB California Spyder
6.6,14.6,97.0,123.0,0.93,330.2,0.0,3735.0,16.7,111.997,111.670746,-0.3262541503906249,0.3262541503906249,1969 Pontiac GTO
2.6,10.1,139.0,221.0,1.35,242.3,2.0,2389.0,6.3,89.369,89.69208,0.3230776367187502,0.3230776367187502,2011 Lamborghini Sesto Elemento
3.7,11.3,130.0,193.0,1.49,240.6,0.0,2755.0,7.7,91.282,91.60187,0.3198676757812535,0.3198676757812535,1996 Porsche 911 GT1 Strassenversion
4.4,13.1,109.0,181.0,1.08,273.7,2.0,4123.0,14.1,102.654,102.33811,-0.3158881225585901,0.3158881225585901,2018 Maserati Ghibli S Q4 GranSport
2.8,9.6,163.0,220.0,2.36,192.3,0.0,1995.0,4.2,76.28,76.59252,0.3125216674804676,0.3125216674804676,1991 Mazda 787B
2.7,10.6,135.0,217.0,1.4,237.6,2.0,3992.0,6.8,89.503,89.8107,0.3076994628906249,0.3076994628906249,2019 Lamborghini Aventador SVJ
3.8,10.9,144.0,205.0,2.13,193.5,0.0,1519.0,4.6,83.685,83.38504,-0.2999597167968773,0.2999597167968773,2007 Caparo T1
3.1,11.4,120.0,190.0,1.09,301.4,2.0,4998.0,11.2,99.806,99.50688,-0.2991182861328099,0.2991182861328099,2021 Audi RS6
6.3,14.6,94.0,130.0,1.05,298.2,0.0,3394.0,23.1,108.163,108.45119,0.2881871337890658,0.2881871337890658,1987 Chevrolet Camaro IROC-Z Coupe
5.4,14.1,102.0,123.0,0.74,459.9,0.0,3624.0,16.7,112.388,112.099815,-0.2881846313476615,0.2881846313476615,1967 Pontiac GTO
3.9,12.1,122.0,199.0,1.11,271.0,0.0,4253.0,10.2,98.8,99.08709,0.2870895385742216,0.2870895385742216,2013 BMW M6 F13 Coupe
5.8,14.4,99.0,120.0,0.93,328.8,0.0,3549.0,18.9,111.199,111.48579,0.2867864379882832,0.2867864379882832,1968 Pontiac Firebird
3.0,10.8,135.0,210.0,1.14,255.0,0.0,3210.0,6.9,94.235,94.51489,0.27989257812500057,0.27989257812500057,2012 McLaren MP4-12C w/MK2 Upgrade
4.7,13.2,111.0,180.0,1.1,277.9,0.0,4370.0,12.8,102.92099999999999,102.64252,-0.27848291015624227,0.27848291015624227,2018 Lexus LC500
4.3,12.7,112.0,183.0,1.13,265.9,2.0,3379.0,12.5,99.191,99.46791,0.27691076660156,0.27691076660156,2014 BMW i8
2.9,10.6,132.0,205.0,1.26,262.8,2.0,3422.0,7.9,92.571,92.84507,0.2740698852539083,0.2740698852539083,2015 Lamborghini Huracan LP610-4
4.9,13.4,102.0,156.0,1.12,269.4,2.0,2857.0,16.8,102.42099999999999,102.14716,-0.273836608886711,0.273836608886711,1998 Subaru WRX STi 22B
4.7,12.9,108.0,170.0,1.09,295.0,0.0,3549.0,15.1,102.70400000000001,102.97469,0.270693298339836,0.270693298339836,2011 BMW Z4 sDrive35is E89
6.1,13.4,106.0,142.0,0.76,436.3,0.0,3821.0,,112.59100000000001,112.3232,-0.2678035888671957,0.2678035888671957,1970 Chevrolet El Camino SS 454
5.8,14.6,94.0,143.0,1.1,291.2,1.0,2198.0,31.0,111.424,111.15892,-0.2650797119140691,0.2650797119140691,2016 Fiat 695 Abarth Biposto
3.6,10.3,161.0,202.0,2.23,195.3,0.0,2436.0,5.4,80.27,80.534966,0.26496551513672273,0.26496551513672273,2023 Cadillac V-Series.R
4.2,12.0,128.0,215.0,1.36,242.1,0.0,2682.0,9.2,94.015,94.27977,0.26476989746093693,0.26476989746093693,1966 Ford GT40 MK II
2.9,10.7,134.0,204.0,1.13,265.0,0.0,3189.0,7.3,95.299,95.03501,-0.26398870849610034,0.26398870849610034,2016 McLaren 570s
3.0,11.2,124.0,201.0,1.09,272.6,2.0,4583.0,9.9,97.72800000000001,97.464516,-0.2634843139648524,0.2634843139648524,2018 Mercedes-Benz E63 AMG S W213
2.9,10.5,138.0,205.0,1.27,250.5,0.0,3148.0,6.5,91.72200000000001,91.98515,0.2631531982421791,0.2631531982421791,2015 McLaren 650S Coupe
3.0,11.0,126.0,205.0,1.13,264.0,2.0,4202.0,8.7,95.511,95.77329,0.26229254150391057,0.26229254150391057,2020 BMW M8 F92 Competition Coupe
2.9,11.0,131.0,171.0,1.34,255.3,0.0,1532.0,7.8,92.799,92.54162,-0.25738165283203784,0.25738165283203784,2014 Donkervoort D8 GTO
2.9,10.1,146.0,229.0,1.72,208.3,0.0,2303.0,5.5,83.587,83.33154,-0.2554570312500033,0.2554570312500033,1989 Ferrari F40 Competizione/LM
,,,,1.18,268.9,,,7.5,95.97999999999999,96.23447,0.25446655273438523,0.25446655273438523,2024 TVR Griffith
6.3,14.5,96.0,148.0,1.05,291.4,0.0,3061.0,22.7,108.84100000000001,108.58926,-0.25174371337891444,0.25174371337891444,2010 Mazda RX-8 R3
2.7,10.6,150.0,150.0,1.12,300.8,0.0,1437.0,4.3,95.594,95.35426,-0.2397366943359316,0.2397366943359316,2008 Caterham RST-V8 Levante
3.4,11.7,130.0,211.0,1.74,245.0,0.0,2490.0,7.2,90.529,90.2901,-0.23889990234374636,0.23889990234374636,2009 Mosler MT900s
4.0,12.3,116.0,201.0,1.19,275.0,0.0,3945.0,10.2,98.465,98.699036,0.2340356445312466,0.2340356445312466,2014 Aston Martin Vanquish
2.4,9.9,146.0,219.0,1.31,247.7,2.0,4323.0,5.6,89.85,90.08265,0.23264923095703693,0.23264923095703693,2024 Lamborghini Revuelto
3.5,11.5,126.0,198.0,1.15,269.3,0.0,4064.0,9.5,97.838,98.06645,0.22845202636719364,0.22845202636719364,2015 Ferrari California T
3.6,11.7,123.0,195.0,1.23,267.4,0.0,3494.0,9.7,96.82300000000001,97.05088,0.22788043212889875,0.22788043212889875,2019 Aston Martin Vantage
5.8,14.2,101.0,137.0,0.92,334.5,0.0,3590.0,17.4,111.244,111.01682,-0.22717718505859352,0.22717718505859352,1970 Chevrolet Camaro Z28
3.3,10.6,149.0,220.0,2.21,191.5,0.0,2166.0,5.1,79.367,79.58859,0.22159252929687057,0.22159252929687057,2001 Bentley Speed 8
3.0,10.8,133.0,217.0,1.38,243.0,0.0,3354.0,7.0,90.68299999999999,90.90246,0.21945819091797603,0.21945819091797603,2017 Ford GT
3.2,10.9,133.0,225.0,1.39,256.3,0.0,2877.0,6.2,91.685,91.472275,-0.21272521972656477,0.21272521972656477,2015 Noble M600 Speedster
3.0,10.5,138.0,220.0,1.23,255.3,0.0,3442.0,6.6,92.13499999999999,92.345505,0.2105047607421966,0.2105047607421966,2023 McLaren Artura
6.6,15.1,92.0,142.0,1.07,287.0,0.0,2549.0,33.0,110.122,109.91198,-0.21002032470703114,0.21002032470703114,2018 Fiat Abarth 124 GT
2.9,9.9,152.0,216.0,2.31,184.0,0.0,2131.0,5.4,78.144,78.34877,0.20477014160155704,0.20477014160155704,1999 BMW V12 LMR
2.6,9.9,145.0,209.0,1.96,194.8,0.0,3190.0,5.4,80.886,81.08886,0.20285955810547307,0.20285955810547307,2020 Lamborghini Essenza SCV12
,,,,0.91,353.9,,,22.8,108.749,108.54872,-0.20027868652343273,0.20027868652343273,2004 Volkswagen Golf R32 MK4
3.1,9.9,172.0,255.0,1.51,245.0,0.0,3572.0,4.0,87.884,87.69011,-0.19389074707031284,0.19389074707031284,2018 Koenigsegg Regera
2.9,10.5,145.0,232.0,1.23,256.6,0.0,3516.0,5.8,91.618,91.81159,0.19359210205078625,0.19359210205078625,2021 Ferrari Monza SP2
3.1,10.2,145.0,245.0,1.24,265.0,0.0,2980.0,5.5,92.13300000000001,91.9413,-0.19170056152344728,0.19170056152344728,2008 Koenigsegg CCX
2.6,9.7,171.0,261.0,1.5,,2.0,2337.0,3.2,85.399,85.20825,-0.1907480468750009,0.1907480468750009,2023 Hyundai Genesis X Gran Berlinetta VGT
2.6,9.9,148.0,231.0,1.52,241.1,0.0,3495.0,5.0,88.261,88.071846,-0.18915399169921443,0.18915399169921443,2015 Ferrari LaFerrari
3.2,11.2,127.0,203.0,1.24,258.5,2.0,3391.0,8.6,94.084,93.89696,-0.18704260253906568,0.18704260253906568,2011 Lamborghini Gallardo LP570-4 Superleggera
4.1,12.1,125.0,199.0,1.3,252.1,0.0,3018.0,8.6,94.61,94.79582,0.18582214355468807,0.18582214355468807,1992 Ferrari F40
3.3,11.2,131.0,208.0,1.22,257.1,0.0,3364.0,7.6,94.36,94.54332,0.18331970214843807,0.18331970214843807,2009 Chevrolet Corvette C6 ZR1
6.2,14.9,94.0,150.0,0.88,383.5,0.0,2710.0,27.1,113.39500000000001,113.217354,-0.17764617919922898,0.17764617919922898,1984 Lotus Esprit Turbo S3
2.9,8.9,180.0,340.0,1.66,220.1,0.0,3064.0,3.4,84.339,84.173035,-0.16596533203124864,0.16596533203124864,2024 Koenigsegg Jesko Absolut
2.9,10.3,147.0,208.0,1.63,232.0,0.0,3022.0,5.4,86.457,86.293625,-0.16337512207030613,0.16337512207030613,2019 McLaren Senna
7.2,15.7,89.0,136.0,,,1.0,3082.0,29.8,114.01400000000001,113.85774,-0.1562576904296975,0.1562576904296975,2014 Scion TC
4.2,12.6,113.0,183.0,1.01,359.5,0.0,5359.0,11.9,105.255,105.099915,-0.15508544921874545,0.15508544921874545,2015 Rolls-Royce Wraith
4.0,12.1,118.0,200.0,1.15,278.2,0.0,3770.0,10.3,98.737,98.89091,0.15390728759766148,0.15390728759766148,2012 Mercedes-Benz C63 AMG Black Series W204
2.7,10.3,146.0,196.0,2.2,190.5,2.0,3856.0,5.1,79.828,79.98098,0.1529799194335908,0.1529799194335908,2018 Nio EP9
4.5,13.0,110.0,171.0,1.09,280.4,0.0,3339.0,15.2,102.437,102.58986,0.1528590087890649,0.1528590087890649,2011 BMW 1M Coupe
3.9,12.0,118.0,184.0,1.17,285.0,0.0,4051.0,10.0,98.721,98.57134,-0.1496575317382849,0.1496575317382849,2013 Chevrolet Camaro ZL1
6.7,15.3,93.0,159.0,1.0,299.1,1.0,2634.0,25.1,110.794,110.94273,0.14873376464844057,0.14873376464844057,2001 Acura Integra Type R
3.7,11.8,125.0,203.0,0.94,297.0,0.0,4472.0,9.0,101.725,101.87134,0.14633789062500568,0.14633789062500568,2015 Dodge Challenger Hellcat
4.5,12.7,110.0,179.0,1.13,272.4,0.0,3038.0,13.0,100.588,100.73353,0.1455281372070374,0.1455281372070374,1999 Lotus Esprit V8
2.1,9.6,152.0,230.0,1.61,222.8,2.0,3737.0,5.2,83.924,84.06626,0.14226129150389966,0.14226129150389966,2022 Mercedes-Benz AMG One
2.7,9.6,156.0,238.0,1.77,211.5,0.0,2458.0,4.1,81.119,81.26072,0.14171929931640648,0.14171929931640648,2022 Pagani Huayra R
6.5,14.7,96.0,132.0,0.91,328.3,0.0,3929.0,18.9,110.968,111.10806,0.14006274414062148,0.14006274414062148,1971 Plymouth GTX
6.5,14.2,100.0,147.0,0.88,392.9,0.0,2161.0,21.3,112.56700000000001,112.42804,-0.13896044921875728,0.13896044921875728,1974 Lancia Stratos HF Stradale
3.9,12.3,116.0,184.0,1.14,277.5,0.0,3535.0,11.9,99.061,99.19468,0.1336792602538992,0.1336792602538992,2020 BMW Z4 M40i G29
4.7,13.3,103.0,170.0,1.14,268.4,2.0,3283.0,20.2,104.638,104.50451,-0.13349102783203648,0.13349102783203648,2005 Mitsubishi Lancer Evolution VIII MR
5.2,13.9,100.0,165.0,1.06,284.7,0.0,2821.0,17.1,103.293,103.42051,0.12750933837889988,0.12750933837889988,1993 Mazda RX-7 FD
3.3,11.3,125.0,190.0,1.06,276.9,2.0,4497.0,10.3,99.339,99.212006,-0.12699438476562364,0.12699438476562364,2017 Audi RS7 Performance
2.5,10.0,150.0,226.0,1.67,216.4,0.0,3178.0,4.5,83.269,83.14247,-0.12652868652344296,0.12652868652344296,2015 McLaren P1 GTR
4.7,13.0,110.0,183.0,1.13,277.1,0.0,3268.0,12.8,101.30799999999999,101.18318,-0.12481823730468022,0.12481823730468022,1998 Ferrari F355 Berlinetta
8.9,16.7,83.0,121.0,1.01,299.5,0.0,2210.0,49.1,116.211,116.08644,-0.12455895996093602,0.12455895996093602,1990 Mazda MX-5 Miata NA
,,,241.0,1.35,235.0,0.0,,4.0,85.494,85.61803,0.12402673339843773,0.12402673339843773,2000 TVR Cerbera Speed 12
3.5,11.6,126.0,201.0,0.99,295.0,0.0,3871.0,7.2,100.41499999999999,100.531944,0.11694427490235171,0.11694427490235171,2014 Ford Mustang Shelby GT500
3.7,,,186.0,1.1,285.0,0.0,2562.0,9.5,99.47399999999999,99.3576,-0.11640264892577079,0.11640264892577079,2005 TVR Sagaris
3.3,11.3,126.0,198.0,1.32,252.8,0.0,3199.0,8.7,92.937,93.05322,0.11622265625000239,0.11622265625000239,2023 Porsche Cayman GT4 RS
5.3,13.8,103.0,167.0,,,0.0,3561.0,15.8,104.193,104.305916,0.11291583251953341,0.11291583251953341,2013 Hyundai Genesis Coupe 3.8
,,,218.0,1.38,233.4,2.0,4160.0,3.6,84.89,85.001526,0.11152587890624943,0.11152587890624943,2021 Lotus Evija
4.8,13.5,103.0,166.0,1.09,274.4,2.0,3394.0,18.1,103.595,103.48401,-0.11099121093749886,0.11099121093749886,2015 Subaru WRX STi Limited
3.4,11.7,118.0,188.0,1.12,270.7,2.0,3297.0,11.5,98.303,98.19315,-0.10984661865234102,0.10984661865234102,2018 Audi TT RS
6.7,15.1,94.0,127.0,0.93,344.6,0.0,3520.0,20.9,111.426,111.53565,0.10965216064452932,0.10965216064452932,1970 Plymouth Cuda 340
7.9,16.0,87.0,146.0,0.99,303.0,0.0,2770.0,26.1,113.84700000000001,113.73766,-0.10933673095703966,0.10933673095703966,1972 Ferrari Dino 246 GT
4.3,12.7,113.0,181.0,1.11,281.3,0.0,3552.0,12.4,101.69,101.79738,0.10737854003906477,0.10737854003906477,2013 BMW M3 E92 ZCP
3.2,11.0,134.0,216.0,1.48,244.8,0.0,3263.0,6.9,91.19800000000001,91.0933,-0.10470013427735125,0.10470013427735125,2003 Ferrari Enzo
3.0,11.1,130.0,206.0,1.29,255.8,0.0,3325.0,8.0,92.643,92.74696,0.10396350097656182,0.10396350097656182,2010 Ferrari 458 Italia
4.3,12.5,116.0,200.0,1.11,305.0,0.0,4118.0,11.3,101.327,101.2232,-0.10380206298827943,0.10380206298827943,2005 Ferrari 612 Scaglietti
4.8,13.2,102.0,161.0,1.04,281.9,2.0,3259.0,17.9,104.218,104.12015,-0.09785229492187852,0.09785229492187852,"2004 Subaru Impreza WRX Sti ""Blobeye"""
2.8,10.6,134.0,217.0,1.21,265.0,2.0,4085.0,7.5,94.328,94.2331,-0.0948991088867217,0.0948991088867217,2012 Lamborghini Aventador
6.9,14.9,93.0,126.0,0.96,,0.0,3005.0,23.2,111.441,111.35811,-0.08289147949219,0.08289147949219,1969 De Tomaso Mangusta
3.8,11.7,125.0,205.0,1.18,266.0,0.0,4345.0,8.5,97.181,97.098274,-0.08272576904296614,0.08272576904296614,2009 Mercedes-Benz SL65 AMG Black Series
4.9,13.0,105.0,172.0,0.99,328.1,0.0,3309.0,15.9,105.856,105.93814,0.08214086914063046,0.08214086914063046,2008 BMW Z4 M Coupe E86
2.6,9.5,155.0,245.0,2.47,190.7,0.0,2250.0,4.1,76.348,76.42953,0.08152728271484477,0.08152728271484477,1988 Jaguar XJR-9
3.5,11.1,141.0,220.0,1.37,247.4,0.0,2601.0,7.2,91.946,91.8691,-0.0768975219726542,0.0768975219726542,1998 Nissan R390
5.5,14.1,99.0,150.0,1.09,282.9,0.0,2840.0,20.2,106.007,106.083725,0.0767249755859325,0.0767249755859325,2005 Honda S2000 AP2
3.3,11.4,122.0,190.0,1.08,289.5,2.0,4947.0,11.0,99.956,100.031944,0.07594427490234068,0.07594427490234068,2021 Audi RS7
3.3,11.2,133.0,218.0,,,0.0,3144.0,7.3,95.256,95.18178,-0.07422204589843773,0.07422204589843773,2009 Bertone Mantide
3.6,11.2,131.0,210.0,1.41,237.3,0.0,3252.0,7.9,91.66,91.586555,-0.07344451904296534,0.07344451904296534,2000 Lamborghini Diablo GTR
2.4,9.3,156.0,261.0,1.35,246.7,2.0,4506.0,4.6,87.875,87.80169,-0.07331085205078125,0.07331085205078125,2021 Bugatti Divo
5.8,14.3,99.0,137.0,0.92,345.2,0.0,3799.0,18.7,112.352,112.28062,-0.07138323974609762,0.07138323974609762,1970 Chevrolet Chevelle SS-454
9.0,16.9,83.0,127.0,0.76,437.2,0.0,3830.0,41.5,117.17,117.2408,0.0707989501953108,0.0707989501953108,1978 Pontiac Firebird Trans Am
3.3,11.5,122.0,210.0,1.07,276.3,2.0,5027.0,9.5,99.49199999999999,99.42536,-0.06663836669920897,0.06663836669920897,2017 Bentley Continental Supersports
4.1,12.2,117.0,188.0,1.25,262.7,0.0,3053.0,11.0,97.644,97.71047,0.06647210693358829,0.06647210693358829,2004 Ferrari 360 Challenge Stradale
5.0,13.6,100.0,157.0,1.14,266.9,2.0,3658.0,20.3,105.56700000000001,105.50086,-0.06613787841797603,0.06613787841797603,2014 Mitsubishi Lancer Evolution X MR
3.0,11.1,125.0,198.0,1.09,270.8,2.0,4674.0,9.7,97.52600000000001,97.464516,-0.06148431396485421,0.06148431396485421,2019 Mercedes-Benz AMG GT63s
3.1,9.6,165.0,254.0,1.67,215.0,0.0,2986.0,3.8,82.09700000000001,82.154366,0.05736553955077284,0.05736553955077284,2022 Aston Martin Valkyrie
7.8,16.0,90.0,129.0,0.94,313.1,0.0,2372.0,24.5,114.033,114.089,0.05599688720703,0.05599688720703,1974 BMW 2002 Turbo
4.3,12.4,114.0,182.0,1.03,295.0,0.0,3494.0,11.2,101.598,101.54802,-0.04998059082031148,0.04998059082031148,2008 Alfa Romeo 8C Competizione
2.8,10.1,152.0,220.0,2.51,176.3,0.0,1720.0,3.8,75.257,75.30688,0.04987713623046375,0.04987713623046375,1992 Peugeot 905 Evo 1 Bis
2.6,9.6,168.0,274.0,1.57,247.7,0.0,2222.0,3.6,85.771,85.81665,0.045650390624999204,0.045650390624999204,2021 Ultima RS
3.7,11.0,131.0,201.0,1.43,243.1,0.0,3406.0,8.1,92.039,92.08459,0.04558709716796727,0.04558709716796727,1998 Mercedes-Benz CLK-GTR AMG
2.9,9.9,146.0,204.0,1.88,205.2,0.0,2365.0,4.9,81.547,81.59228,0.045277526855471706,0.045277526855471706,2021 Brabham BT62
4.3,12.7,111.0,184.0,0.98,285.0,2.0,4040.0,12.6,102.408,102.36603,-0.04197216796875125,0.04197216796875125,2013 Audi RS5
4.4,12.8,114.0,186.0,,,0.0,2811.0,11.2,99.696,99.65434,-0.041657348632810454,0.041657348632810454,2006 Spyker C8 Spyder
2.9,10.5,139.0,230.0,1.27,249.5,0.0,3384.0,6.1,91.495,91.454414,-0.0405856323242233,0.0405856323242233,2020 Ferrari F8 Tributo
2.6,9.8,,211.0,2.25,180.9,0.0,2465.0,5.3,79.583,79.62329,0.04029101562500159,0.04029101562500159,2023 BMW M Hybrid V8
9.4,17.3,78.0,129.0,0.89,378.4,0.0,2830.0,34.9,119.99600000000001,120.0339,0.03789739990233443,0.03789739990233443,1981 DeLorean DMC-12
3.0,10.8,129.0,197.0,1.35,233.4,0.0,3684.0,7.7,92.17699999999999,92.1445,-0.0324992675781175,0.0324992675781175,2023 Chevrolet Corvette C8 Z06
7.7,16.0,90.0,125.0,0.91,339.7,0.0,2425.0,43.0,116.36699999999999,116.39743,0.030430419921884777,0.030430419921884777,"1971 Nissan Skyline 2000GT-R C10 ""Hakosuka"""
6.8,15.4,91.0,143.0,1.01,297.5,0.0,2857.0,27.1,110.589,110.60866,0.019657836914063864,0.019657836914063864,1988 BMW M3 E30
6.6,14.6,98.0,123.0,0.73,506.6,0.0,3627.0,19.6,112.176,112.19334,0.017336486816404317,0.017336486816404317,1969 Oldsmobile 37350
,,,,0.92,355.3,,,20.4,106.74000000000001,106.72689,-0.013109436035165345,0.013109436035165345,2012 Volkswagen Golf R MK6 (3-door)
3.3,11.1,138.0,243.0,1.28,254.1,0.0,2579.0,6.6,91.753,91.742546,-0.010453918457031364,0.010453918457031364,1994 McLaren F1
2.7,9.9,147.0,211.0,1.86,213.4,0.0,3008.0,5.0,82.157,82.163864,0.006864135742191024,0.006864135742191024,2020 McLaren Senna GTR
3.3,11.3,129.0,199.0,1.29,249.8,0.0,3681.0,8.4,94.293,94.29589,0.0028908081054623835,0.0028908081054623835,2018 Mercedes-Benz AMG GT R
